Gallon Tier,Price,Date
"Delivery Date : 
Oct 12th 2026",Price Updated on : Oct 9th 2026,2026-10-09
,Same Day Charges : $ 0.00,2026-10-09
100-149,$5.61,2026-10-09
150-199,$5.62,2026-10-09
200-299,$5.62,2026-10-09
300-399,$5.62,2026-10-09
100-149,$5.67,2026-10-09
150-199,$5.67,2026-10-09
200-299,$5.67,2026-10-09
300-399,$5.67,2026-10-09
"Delivery Date : 
Oct 11th 2026",Price Updated on : Oct 9th 2026,2026-10-09
,Same Day Charges : $ 0.00,2026-10-09
100-149,$5.62,2026-10-09
150-199,$5.62,2026-10-09
200-299,$5.62,2026-10-09
300-399,$5.62,2026-10-09
100-149,$5.67,2026-10-09
150-199,$5.67,2026-10-09
200-299,$5.67,2026-10-09
300-399,$5.67,2026-10-09
"Delivery Date : 
Oct 12th 2026",Price Updated on : Oct 9th 2026,2026-10-09
,Same Day Charges : $ 0.00,2026-10-09
100-149,$5.66,2026-10-09
150-199,$5.66,2026-10-09
200-299,$5.66,2026-10-09
300-399,$5.66,2026-10-09
100-149,$5.67,2026-10-09
150-199,$5.67,2026-10-09
200-299,$5.67,2026-10-09
300-399,$5.67,2026-10-09
"Delivery Date : 
Oct 13th 2026",Price Updated on : Oct 9th 2026,2026-10-09
,Same Day Charges : $ 0.00,2026-10-09
100-149,$5.69,2026-10-09
150-199,$5.69,2026-10-09
200-299,$5.69,2026-10-09
300-399,$5.69,2026-10-09
100-149,$5.69,2026-10-09
150-199,$5.69,2026-10-09
200-299,$5.69,2026-10-09
300-399,$5.69,2026-10-09
"Delivery Date : 
Oct 14th 2026",Price Updated on : Oct 9th 2026,2026-10-09
,Same Day Charges : $ 0.00,2026-10-09
100-149,$5.69,2026-10-09
150-199,$5.69,2026-10-09
200-299,$5.69,2026-10-09
300-399,$5.69,2026-10-09
100-149,$5.91,2026-10-09
150-199,$5.91,2026-10-09
200-299,$5.91,2026-10-09
300-399,$5.91,2026-10-09
"Delivery Date : 
Oct 9th 2026",Price Updated on : Oct 9th 2026,2026-10-09
,Same Day Charges : $ 0.00,2026-10-09
